,"
",Rk,"
",Squad,"
",MP,"
",W,"
",D,"
",L,"
",GF,"
",GA,"
",GD,"
",Pts,"
",Pts/MP,"
",Last 5,"
",Attendance,"
",Top Team Scorer,"
",Goalkeeper,"
",Notes,"
"
0,"
",1,"
", Arsenal,"
",31,"
",21,"
",7,"
",3,"
",61,"
",22,"
",+39,"
",70,"
",2.26,"
","

D
W
W
W
W

","
","60,216","
",Viktor Gyökeres - 11,"
",David Raya,"
",,"
"
1,"
",2,"
", Manchester City,"
",30,"
",18,"
",7,"
",5,"
",60,"
",28,"
",+32,"
",61,"
",2.03,"
","

W
W
W
D
D

","
","52,198","
",Erling Haaland - 22,"
",Gianluigi Donnarumma,"
",,"
"
2,"
",3,"
", Manchester Utd,"
",31,"
",15,"
",10,"
",6,"
",56,"
",43,"
",+13,"
",55,"
",1.77,"
","

W
W
L
W
D

","
","73,962","
","Bryan Mbeumo, Benjamin Šeško - 9","
",Senne Lammens,"
",,"
"
3,"
",4,"
", Aston Villa,"
",30,"
",15,"
",6,"
",9,"
",40,"
",37,"
",+3,"
",51,"
",1.70,"
","

W
D
L
L
L

","
","41,822","
","Ollie Watkins, Morgan Rogers - 8","
",Emiliano Martínez,"
",,"
"
4,"
",5,"
", Liverpool,"
",31,"
",14,"
",7,"
",10,"
",50,"
",42,"
",+8,"
",49,"
",1.58,"
","

W
W
L
D
L

","
","60,368","
",Hugo Ekitike - 11,"
",Alisson,"
",,"
"
5,"
",6,"
", Chelsea,"
",31,"
",13,"
",9,"
",9,"
",53,"
",38,"
",+15,"
",48,"
",1.55,"
","

D
L
W
L
L

","
","39,595","
",João Pedro - 14,"
",Robert Sánchez,"
",,"
"
6,"
",7,"
", Brentford,"
",31,"
",13,"
",7,"
",11,"
",46,"
",42,"
",+4,"
",46,"
",1.48,"
","

L
W
D
D
D

","
","17,106","
",Igor Thiago - 19,"
",Caoimhín Kelleher,"
",,"
"
7,"
",8,"
", Everton,"
",31,"
",13,"
",7,"
",11,"
",37,"
",35,"
",+2,"
",46,"
",1.48,"
","

L
W
W
L
W

","
","52,137","
","Kiernan Dewsbury-Hall, Iliman Ndiaye... - 6","
",Jordan Pickford,"
",,"
"
8,"
",9,"
", Fulham,"
",31,"
",13,"
",5,"
",13,"
",43,"
",44,"
",-1,"
",44,"
",1.42,"
","

W
W
L
D
W

","
","27,123","
",Harry Wilson - 10,"
",Bernd Leno,"
",,"
"
9,"
",10,"
", Brighton,"
",31,"
",11,"
",10,"
",10,"
",41,"
",37,"
",+4,"
",43,"
",1.39,"
","

W
W
L
W
W

","
","31,343","
",Danny Welbeck - 12,"
",Bart Verbruggen,"
",,"
"
10,"
",11,"
", Newcastle United,"
",30,"
",12,"
",6,"
",12,"
",43,"
",43,"
",0,"
",42,"
",1.40,"
","

W
L
L
W
W

","
","52,093","
",Bruno Guimarães - 9,"
",Nick Pope,"
",,"
"
11,"
",12,"
", Bournemouth,"
",31,"
",9,"
",15,"
",7,"
",46,"
",48,"
",-2,"
",42,"
",1.35,"
","

D
D
D
D
D

","
","11,172","
",Antoine Semenyo - 10,"
",Đorđe Petrović,"
",,"
"
12,"
",13,"
", Sunderland,"
",30,"
",10,"
",10,"
",10,"
",30,"
",35,"
",-5,"
",40,"
",1.33,"
","

L
L
D
W
L

","
","46,323","
",Brian Brobbey - 5,"
",Robin Roefs,"
",,"
"
13,"
",14,"
", Crystal Palace,"
",30,"
",10,"
",9,"
",11,"
",33,"
",35,"
",-2,"
",39,"
",1.30,"
","

L
W
L
W
D

","
","24,979","
",Jean-Philippe Mateta - 8,"
",Dean Henderson,"
",,"
"
14,"
",15,"
", Leeds United,"
",31,"
",7,"
",12,"
",12,"
",37,"
",48,"
",-11,"
",33,"
",1.06,"
","

D
L
L
D
D

","
","36,701","
",Dominic Calvert-Lewin - 10,"
",Lucas Perri,"
",,"
"
15,"
",16,"
", Tottenham Hotspur,"
",30,"
",7,"
",9,"
",14,"
",40,"
",47,"
",-7,"
",30,"
",1.00,"
","

L
L
L
L
D

","
","60,900","
",Richarlison - 9,"
",Guglielmo Vicario,"
",,"
"
16,"
",17,"
", Nottingham Forest,"
",30,"
",7,"
",8,"
",15,"
",28,"
",43,"
",-15,"
",29,"
",0.97,"
","

D
L
L
D
D

","
","30,440","
",Morgan Gibbs-White - 8,"
",Matz Sels,"
",,"
"
17,"
",18,"
", West Ham United,"
",30,"
",7,"
",8,"
",15,"
",36,"
",55,"
",-19,"
",29,"
",0.97,"
","

D
D
L
W
D

","
","62,454","
",Jarrod Bowen - 8,"
",Alphonse Areola,"
",,"
"
18,"
",19,"
", Burnley,"
",31,"
",4,"
",8,"
",19,"
",33,"
",61,"
",-28,"
",20,"
",0.65,"
","

D
L
L
D
L

","
","21,011","
",Zian Flemming - 8,"
",Martin Dúbravka,"
",,"
"
19,"
",20,"
", Wolves,"
",31,"
",3,"
",8,"
",20,"
",24,"
",54,"
",-30,"
",17,"
",0.55,"
","

D
L
W
W
D

","
","29,851","
","Tolu Arokodare, Rodrigo Gomes - 3","
",José Sá,"
",,"
"
